{
	"id": "7fa9e0bb-9218-4d8f-a990-7184b34c6dd6",
	"name": "bunq Sandbox",
	"values": [
		{
			"key": "geolocation",
			"value": "0 0 0 0 000",
			"description": "",
			"enabled": true
		},
		{
			"key": "host",
			"value": "https://public-api.sandbox.bunq.com",
			"description": "",
			"enabled": true
		},
		{
			"key": "request_id",
			"value": "",
			"enabled": true
		},
		{
			"key": "api_key",
			"value": "",
			"enabled": true
		},
		{
			"key": "private_key_client",
			"value": "",
			"enabled": true
		},
		{
			"key": "public_key_client",
			"value": "",
			"enabled": true
		},
		{
			"key": "public_key_client_fmt",
			"value": "",
			"enabled": true
		},
		{
			"key": "installation_token",
			"value": "",
			"enabled": true
		},
		{
			"key": "public_key_server",
			"value": "",
			"enabled": true
		},
		{
			"key": "signature",
			"value": "",
			"enabled": true
		},
		{
			"key": "session_token",
			"value": "",
			"enabled": true
		},
		{
			"key": "user_id",
			"value": "",
			"enabled": true
		},
		{
			"key": "installation_id",
			"value": "",
			"enabled": true
		},
		{
			"key": "device_id",
			"value": "",
			"enabled": true
		}
	],
	"_postman_variable_scope": "environment",
	"_postman_exported_at": "2018-11-13T14:44:10.190Z",
	"_postman_exported_using": "Postman/6.5.2"
}
